{
    "assets": {
        "bootstrap-native/armeabi-v7a/binascii.so": "25f187913c79ca1e2f9a4ded9554be4bcb265c8d",
        "bootstrap-native/armeabi-v7a/math.so": "aa48ad73bc8c3358922b2435d1a97284d11e4dc8",
        "bootstrap-native/arm64-v8a/math.so": "d8f6a50faf1ee32c9de9149fec048c840da3b51e",
        "bootstrap-native/armeabi-v7a/_datetime.so": "5a096c8acb613b419aa7c89a5a52a21d867af927",
        "bootstrap-native/x86_64/mmap.so": "996a3528bcdae1ca386ede07c255101c5a70f320",
        "bootstrap-native/arm64-v8a/_bz2.so": "fc0df88225d6de25ed21e1bbad522957178ec11c",
        "bootstrap-native/armeabi-v7a/zlib.so": "a6a1e8a6528244953ede6cea59cc64e7a26890f1",
        "bootstrap-native/arm64-v8a/_sha512.so": "969b7f1bee260055f98412f99a426706b7173a8b",
        "bootstrap-native/arm64-v8a/_ctypes.so": "d963220e38747ebaff725c9d9b38e8718954bbf1",
        "bootstrap-native/arm64-v8a/_datetime.so": "42a8f66372e3e4b8bb345d864f3c2fda534e03ea",
        "bootstrap-native/x86_64/_struct.so": "8f5b9d817b50ae259202947c1f1d937766476e88",
        "requirements-x86_64.imy": "b04f3ee8f5e43fa3b162981b50bb72fe1acabb33",
        "app.imy": "4c3a18b6b37374414b35823548ce73ed2e55f8be",
        "stdlib-common.imy": "b7af63f9aa216405bdd023963417077bc0b25229",
        "bootstrap-native/arm64-v8a/_struct.so": "ea9c70107c40e0e8d5c0821bd5f1ceef6fe7c40f",
        "bootstrap-native/armeabi-v7a/java/chaquopy.so": "e2334b1a6b86bfe2ddcf6339c2a4e7305a4acb9e",
        "bootstrap-native/armeabi-v7a/_struct.so": "19a1cdda47dd42ff44587cb42d885703540a27b6",
        "stdlib-arm64-v8a.imy": "9ef2edbe80b2a6a6b93f5ef90e9c96c634c7cf13",
        "stdlib-armeabi-v7a.imy": "23892e286923474b2b1e13ca1faaf971136a68d7",
        "bootstrap-native/arm64-v8a/binascii.so": "96edb7e7a57512635249b3d9efc48f4b8fbc8bf9",
        "bootstrap-native/armeabi-v7a/mmap.so": "8a33565380cbf67a6ccbc0cf966535c0221196af",
        "bootstrap-native/x86_64/java/chaquopy.so": "2653831796cd9c8aecb6ea6d2beee702f883b369",
        "bootstrap-native/x86_64/math.so": "830e06ccc1ec47b8ea09b00d890e6fca9d1364cb",
        "bootstrap-native/x86_64/binascii.so": "fa5ad8b143cf644c8147ebac80162d4bb5197ec3",
        "requirements-arm64-v8a.imy": "b04f3ee8f5e43fa3b162981b50bb72fe1acabb33",
        "bootstrap-native/arm64-v8a/java/chaquopy.so": "da495367cd3a7615bfc3c518cb68c6950896057f",
        "bootstrap.imy": "3c668ad95c928e9896b8b6a60febd94eaa51e966",
        "bootstrap-native/armeabi-v7a/_ctypes.so": "f7d76d43664786254962c0dded908774e6e0c5f5",
        "bootstrap-native/x86_64/_ctypes.so": "99f10a4ee36844f3d257d49dabb7a3dbd9114788",
        "bootstrap-native/arm64-v8a/mmap.so": "33ca041b5e89fb4b3f4b81e4dbc0e13dd47c945d",
        "bootstrap-native/x86_64/_bz2.so": "6be3547f53a48dd9eb19c953fd8e755e9f797ceb",
        "cacert.pem": "35a7837a3f1b960807bf46b1c95ec22792262846",
        "bootstrap-native/x86_64/_lzma.so": "5c0c0d462ef331b9f3567fbec8e8a70e0741b065",
        "bootstrap-native/arm64-v8a/_random.so": "061338f563b307b234b4bea7935bda9119b6a596",
        "bootstrap-native/arm64-v8a/_lzma.so": "eb7bc9761be807f5fda67329cfaf954d00a25943",
        "bootstrap-native/armeabi-v7a/_sha512.so": "7f9e02effeb674a5068750ce58478ab43e0c4c47",
        "bootstrap-native/armeabi-v7a/_lzma.so": "92090a521a74e46d5f6b75eae45fd59da2945b04",
        "bootstrap-native/x86_64/_random.so": "b71e1dbf0b19973b6012e6131783dce0f4759f5b",
        "stdlib-x86_64.imy": "bec8fff1f61bfe296c9156bd64b26ac7dd119fcc",
        "bootstrap-native/x86_64/_sha512.so": "c5f9d0532dd0ff89458f8e6f7f1014964dc3a3f7",
        "bootstrap-native/armeabi-v7a/_bz2.so": "21ba82d046a55a69447e8ca4980acb7b3321ef3f",
        "bootstrap-native/x86_64/_datetime.so": "7cd5e09821980136549f862332a09c813ead692a",
        "requirements-armeabi-v7a.imy": "b04f3ee8f5e43fa3b162981b50bb72fe1acabb33",
        "bootstrap-native/arm64-v8a/zlib.so": "140e5e4a88b239ddf3ba6badb4dca363c7060edd",
        "bootstrap-native/armeabi-v7a/_random.so": "ae46a96985fefcd6d4b88a6c578203a0a982c019",
        "bootstrap-native/x86_64/zlib.so": "c1eca2b2683a7d279a255196563fd383252f6973",
        "requirements-common.imy": "b66c55fc57b6467c29ffd3952f333a50f7d4d457"
    },
    "extract_packages": ["tests"],
    "python_version": "3.10"
}